{
  "parent": "minecraft:item/handheld_rod",
  "textures": {
    "layer0": "minecraft:item/carrot_on_a_stick"
  },
  "overrides": [
    {
        "predicate": {
          "custom_model_data": 12220002
        },
        "model": "survival:item/finale_sword"
    },
    {
      "predicate": {
        "custom_model_data": 12220003
      },
      "model": "survival:item/night_devil1"
    },
    {
      "predicate": {
        "custom_model_data": 12220004
      },
      "model": "survival:item/night_devil2"
    },
    {
      "predicate": {
        "custom_model_data": 12220005
      },
      "model": "survival:item/night_devil3"
    },
    {
      "predicate": {
        "custom_model_data": 12220006
      },
      "model": "survival:item/night_devil4"
    },
    {
      "predicate": {
        "custom_model_data": 12220007
      },
      "model": "survival:item/night_devil5"
    },
    {
      "predicate": {
        "custom_model_data": 12220008
      },
      "model": "survival:item/night_devil6"
    },
    {
      "predicate": {
        "custom_model_data": 12220009
      },
      "model": "survival:item/night_devil7"
    },
    {
      "predicate": {
        "custom_model_data": 12220010
      },
      "model": "survival:item/night_devil8"
    },
    {
      "predicate": {
        "custom_model_data": 12220011
      },
      "model": "survival:item/pistol"
    },
    {
      "predicate": {
        "custom_model_data": 12220012
      },
      "model": "survival:item/iron_bullet"
    }
  ]
}