{
	"credit": "Made with Blockbench",
	"textures": {
		"0": "survival:item/iron_bullet"
	},
	"elements": [
		{
			"from": [7.5, 6, 5],
			"to": [8.5, 7, 10],
			"faces": {
				"north": {"uv": [2, 2, 3, 3], "texture": "#0"},
				"east": {"uv": [0, 0, 5, 1], "texture": "#0"},
				"south": {"uv": [2, 3, 3, 4], "texture": "#0"},
				"west": {"uv": [0, 1, 5, 2], "texture": "#0"},
				"up": {"uv": [1, 7, 0, 2], "texture": "#0"},
				"down": {"uv": [2, 2, 1, 7], "texture": "#0"}
			}
		}
	]
}