{
	"credit": "Made with Blockbench",
	"texture_size": [32, 32],
	"textures": {
		"0": "survival:item/pistol"
	},
	"elements": [
		{
			"from": [7, 8, 2],
			"to": [9, 10, 14],
			"faces": {
				"north": {"uv": [6, 2, 7, 3], "texture": "#0"},
				"east": {"uv": [0, 0, 6, 1], "texture": "#0"},
				"south": {"uv": [6, 3, 7, 4], "texture": "#0"},
				"west": {"uv": [0, 1, 6, 2], "texture": "#0"},
				"up": {"uv": [1, 8, 0, 2], "texture": "#0"},
				"down": {"uv": [2, 2, 1, 8], "texture": "#0"}
			}
		},
		{
			"from": [7, 3, 13.5],
			"to": [9, 9, 15.5],
			"rotation": {"angle": -22.5, "axis": "x", "origin": [8, 6, 14]},
			"faces": {
				"north": {"uv": [2, 2, 3, 5], "texture": "#0"},
				"east": {"uv": [3, 2, 4, 5], "texture": "#0"},
				"south": {"uv": [4, 2, 5, 5], "texture": "#0"},
				"west": {"uv": [2, 5, 3, 8], "texture": "#0"},
				"up": {"uv": [7, 5, 6, 4], "texture": "#0"},
				"down": {"uv": [7, 5, 6, 6], "texture": "#0"}
			}
		},
		{
			"from": [7.5, 8.75, 1.5],
			"to": [8.5, 9.75, 2.1],
			"faces": {
				"north": {"uv": [7, 6, 7.5, 6.5], "texture": "#0"},
				"east": {"uv": [6.5, 7, 7, 7.5], "texture": "#0"},
				"south": {"uv": [7, 6.5, 7.5, 7], "texture": "#0"},
				"west": {"uv": [7, 7, 7.5, 7.5], "texture": "#0"},
				"up": {"uv": [4.5, 8, 4, 7.5], "texture": "#0"},
				"down": {"uv": [5, 7.5, 4.5, 8], "texture": "#0"}
			}
		},
		{
			"from": [7, 7, 4],
			"to": [9, 8, 10],
			"faces": {
				"north": {"uv": [4, 7, 5, 7.5], "texture": "#0"},
				"east": {"uv": [6, 0, 9, 0.5], "texture": "#0"},
				"south": {"uv": [7, 4, 8, 4.5], "texture": "#0"},
				"west": {"uv": [6, 0.5, 9, 1], "texture": "#0"},
				"up": {"uv": [6, 5, 5, 2], "texture": "#0"},
				"down": {"uv": [4, 5, 3, 8], "texture": "#0"}
			}
		},
		{
			"from": [7, 5.75, 10],
			"to": [9, 7.75, 11],
			"rotation": {"angle": -22.5, "axis": "x", "origin": [8, 6.5, 9.5]},
			"faces": {
				"north": {"uv": [6, 6, 7, 7], "texture": "#0"},
				"east": {"uv": [7, 4.5, 7.5, 5.5], "texture": "#0"},
				"south": {"uv": [7, 2, 8, 3], "texture": "#0"},
				"west": {"uv": [5, 7, 5.5, 8], "texture": "#0"},
				"up": {"uv": [6.5, 7.5, 5.5, 7], "texture": "#0"},
				"down": {"uv": [8, 5.5, 7, 6], "texture": "#0"}
			}
		},
		{
			"from": [7, 6, 10.25],
			"to": [9, 7, 14.25],
			"faces": {
				"north": {"uv": [7, 3, 8, 3.5], "texture": "#0"},
				"east": {"uv": [6, 1, 8, 1.5], "texture": "#0"},
				"south": {"uv": [7, 3.5, 8, 4], "texture": "#0"},
				"west": {"uv": [6, 1.5, 8, 2], "texture": "#0"},
				"up": {"uv": [5, 7, 4, 5], "texture": "#0"},
				"down": {"uv": [6, 5, 5, 7], "texture": "#0"}
			}
		}
	],
	"display": {
		"thirdperson_righthand": {
			"translation": [0, 0.75, -3.5]
		},
		"thirdperson_lefthand": {
			"translation": [0, 0.75, -3.5]
		},
		"firstperson_righthand": {
			"translation": [-3.25, 3.75, 0]
		},
		"firstperson_lefthand": {
			"translation": [-3.25, 3.75, 0]
		},
		"ground": {
			"translation": [0, 1.25, 0]
		},
		"gui": {
			"rotation": [0, -90, 0],
			"translation": [0.75, 0, 0]
		},
		"head": {
			"translation": [0, 9, 0]
		},
		"fixed": {
			"rotation": [0, 90, 0]
		}
	}
}